{"objectData":[{"position":{"x":-7.7983198165893559,"y":-3.6554620265960695},"objectType":0},{"position":{"x":3.7310924530029299,"y":3.117647171020508},"objectType":0},{"position":{"x":-8.285715103149414,"y":-2.5126051902770998},"objectType":1},{"position":{"x":4.890756130218506,"y":4.159664630889893},"objectType":2}]}